Segment Number,Wavenumber (cm-1),Wavenumber + Noise (cm-1),Alpha (ppm/cm),Alpha + Noise (ppm/cm),Noise (%),Pressure (Torr),Temperature (C)
0,13155.0,13154.999970820394,2.2649614783775816e-06,-1.477226631887045e-05,-0.004666722963455356,40.00000000000001,25.0
0,13155.005,13155.005015647932,2.7343442384253914e-06,0.00013592045337657143,0.03648144412488592,40.00000000000001,25.0
0,13155.009999999998,13155.009979822227,3.4732350331598e-06,-0.000149750010648797,-0.0419698819355253,40.00000000000001,25.0
0,13155.014999999998,13155.014978359697,4.782203497499839e-06,8.598446994287358e-05,0.022242379218904165,40.00000000000001,25.0
0,13155.019999999997,13155.019907051541,7.361438536461349e-06,7.605001677638609e-05,0.018814713826338238,40.00000000000001,25.0
0,13155.024999999996,13155.02496561599,1.2686061436086794e-05,0.0004080908212814331,0.10830661505435082,40.00000000000001,25.0
0,13155.029999999995,13155.030059300898,2.3329886822036558e-05,0.00022443227213632706,0.05508461415908507,40.00000000000001,25.0
0,13155.034999999994,13155.03500876995,4.257278839541675e-05,3.068570618449194e-05,-0.0032560296887716076,40.00000000000001,25.0
0,13155.039999999994,13155.039975273243,7.240871072481962e-05,1.3317235304198104e-05,-0.016185939905928554,40.00000000000001,25.0
0,13155.044999999993,13155.044953806502,0.00011016235989480285,-7.435742217974018e-05,-0.050542418899754284,40.00000000000001,25.0
0,13155.049999999992,13155.05006726049,0.00014640046947837502,0.00020289119323688796,0.015473559485343511,40.00000000000001,25.0
0,13155.054999999991,13155.055011681528,0.00016783879800731565,0.0003311027915441609,0.04472017612318895,40.00000000000001,25.0
0,13155.05999999999,13155.0600039367,0.0001651523150959186,0.00018045365217080511,0.004191239440402262,40.00000000000001,25.0
0,13155.06499999999,13155.064951507213,0.00013959835328272068,0.00011595336170831087,-0.0064766772190972466,40.00000000000001,25.0
0,13155.069999999989,13155.069946400015,0.00010207922151298459,0.00032198843069943276,0.060236052989294006,40.00000000000001,25.0
0,13155.074999999988,13155.075000526856,6.561329097960725e-05,0.00027104691754536574,0.05627099866066201,40.00000000000001,25.0
0,13155.079999999987,13155.080003602894,3.820554690633088e-05,0.0002500613883895769,0.0580301286193825,40.00000000000001,25.0
0,13155.084999999986,13155.084947743057,2.1243089368911092e-05,0.00023849908731109047,0.0595093031924446,40.00000000000001,25.0
0,13155.089999999986,13155.09000207289,1.2196381623982591e-05,-9.872409124753213e-06,-0.006044934879573072,40.00000000000001,25.0
0,13155.094999999985,13155.094953404094,7.837979970820537e-06,0.000154942447895054,0.04029386744478404,40.00000000000001,25.0
0,13155.099999999984,13155.100014543106,5.84144851068628e-06,3.533932835063846e-05,0.008079861046677276,40.00000000000001,25.0
0,13155.104999999983,13155.104977778188,4.940177375595016e-06,0.00011828683320845163,0.031047154378689695,40.00000000000001,25.0
0,13155.109999999982,13155.110041914399,4.55461890576832e-06,-2.3301822071944266e-05,-0.007630249142517676,40.00000000000001,25.0
0,13155.114999999982,13155.115034502769,4.444741993994126e-06,1.777016256866372e-05,0.003650009669035227,40.00000000000001,25.0
0,13155.11999999998,13155.120083658298,4.516229362064174e-06,-0.000142245720895103,-0.04020004730683028,40.00000000000001,25.0
0,13155.12499999998,13155.124995367521,4.736275360180314e-06,-2.7665528177628567e-05,-0.008875284314252475,40.00000000000001,25.0
0,13155.12999999998,13155.130024719256,5.1023966913074675e-06,5.983432807398445e-05,0.014991802895249104,40.00000000000001,25.0
0,13155.134999999978,13155.13499188234,5.6334113804973146e-06,-0.00016864741831657028,-0.047737833861018784,40.00000000000001,25.0
0,13155.139999999978,13155.139921800954,6.371059996076001e-06,-0.00022358882045866015,-0.06298906533167971,40.00000000000001,25.0
0,13155.144999999977,13155.145028475008,7.391206613994342e-06,-0.00023493120789598498,-0.06637532759504047,40.00000000000001,25.0
0,13155.149999999976,13155.1499785877,8.832804235789433e-06,-0.00011552544691886749,-0.03406337658127265,40.00000000000001,25.0
0,13155.154999999975,13155.154973889015,1.0972178462263513e-05,-1.795587300147152e-05,-0.00792377748659536,40.00000000000001,25.0
0,13155.159999999974,13155.159944278184,1.4420593663192886e-05,-0.00016351937228918553,-0.048740119877986245,40.00000000000001,25.0
0,13155.164999999974,13155.165069767736,2.063260118559532e-05,2.785411633133942e-06,-0.004888582245232717,40.00000000000001,25.0
0,13155.169999999973,13155.170016506281,3.305031104169884e-05,-0.00010915243430116936,-0.03895122053044039,40.00000000000001,25.0
0,13155.174999999972,13155.175014344974,5.9075018334480363e-05,9.655708428762415e-05,0.010266835660290831,40.00000000000001,25.0
0,13155.179999999971,13155.180056456638,0.00011188231198517238,0.00022515323260497192,0.031026409498001256,40.00000000000001,25.0
0,13155.18499999997,13155.185025716935,0.0002087645284459129,3.076365944402611e-05,-0.048756802032094156,40.00000000000001,25.0
0,13155.18999999997,13155.190027929204,0.0003606169978924361,0.0005435767763817437,0.050115113199500225,40.00000000000001,25.0
0,13155.194999999969,13155.19496496608,0.0005538864382667421,0.0005729644601536022,0.005225723568190773,40.00000000000001,25.0
0,13155.199999999968,13155.199988905782,0.0007390076424681736,0.0007890288471592551,0.013701472291711496,40.00000000000001,25.0
0,13155.204999999967,13155.20496818979,0.000846030979935618,0.0008639421400434515,0.004906104629935946,40.00000000000001,25.0
0,13155.209999999966,13155.2099235067,0.0008269233262050622,0.0007128265440229848,-0.031252623948097406,40.00000000000001,25.0
0,13155.214999999966,13155.215050019491,0.0006906120942560788,0.0006255812403204278,-0.017812814561511826,40.00000000000001,25.0
0,13155.219999999965,13155.22001133021,0.0004962047367212622,0.00044142870087701127,-0.015003883693021337,40.00000000000001,25.0
0,13155.224999999964,13155.225050006498,0.00031133914851428957,0.0004113932500079333,0.02740614720803939,40.00000000000001,25.0
0,13155.229999999963,13155.230086388437,0.00017533180162473546,-2.413713002385044e-05,-0.054637189506307034,40.00000000000001,25.0
0,13155.234999999962,13155.234890758627,9.279866163246449e-05,9.554060994255695e-05,0.0007510560576869772,40.00000000000001,25.0
0,13155.239999999962,13155.240001449898,4.934200302541027e-05,3.875572773004386e-07,-0.0134092728497083,40.00000000000001,25.0
0,13155.24499999996,13155.244995156483,2.828065270124668e-05,8.757999166326241e-05,0.016242876490532195,40.00000000000001,25.0
0,13155.24999999996,13155.249956192602,1.8151985673125025e-05,-0.00017788547531032297,-0.053697264118092815,40.00000000000001,25.0
0,13155.25499999996,13155.254962764178,1.2927479618415902e-05,0.0001606394873742953,0.04046028067335013,40.00000000000001,25.0
0,13155.259999999958,13155.260047414526,9.90352577834854e-06,-0.0003703952333980877,-0.10416888084978959,40.00000000000001,25.0
0,13155.264999999958,13155.265027090521,7.948710867437574e-06,-5.7362381631149585e-05,-0.01788957562572152,40.00000000000001,25.0
0,13155.269999999957,13155.269987720401,6.579022132391043e-06,0.0001494549127607667,0.03913560396411889,40.00000000000001,25.0
0,13155.274999999956,13155.274893808999,5.566972698868613e-06,-0.00010366896104522548,-0.02992117300447165,40.00000000000001,25.0
0,13155.279999999955,13155.280068729075,4.7913588396340015e-06,-3.2458532782291993e-06,-0.00220149914052639,40.00000000000001,25.0
0,13155.284999999954,13155.28502081945,4.181249379245038e-06,-0.00011899655869073693,-0.03374003754302874,40.00000000000001,25.0
0,13155.289999999954,13155.290059409577,3.6913946156224146e-06,-0.00035758937684318183,-0.09895960143785845,40.00000000000001,25.0
0,13155.294999999953,13155.295028920895,3.2918605644602657e-06,-0.00013426933940811052,-0.037679839609596824,40.00000000000001,25.0
0,13155.299999999952,13155.300053130424,2.961520579772082e-06,2.7712792845048065e-06,-5.210961735011196e-05,40.00000000000001,25.0
0,13155.304999999951,13155.305033324345,2.6854223251595176e-06,-0.0002225956664715513,-0.06170748215796308,40.00000000000001,25.0
0,13155.30999999995,13155.310027987669,2.4523334950957332e-06,0.0002120999709136168,0.05742527219910784,40.00000000000001,25.0
0,13155.31499999995,13155.315040834344,2.2540564975803393e-06,0.00015052233209567883,0.040612649823073825,40.00000000000001,25.0
0,13155.319999999949,13155.319959062448,2.0842738401225268e-06,-0.00018824725724782404,-0.05213433413980702,40.00000000000001,25.0
0,13155.324999999948,13155.324986378359,1.9380963138554493e-06,-0.0001642194019144917,-0.04551274548654975,40.00000000000001,25.0
0,13155.329999999947,13155.330003262266,1.811691924054879e-06,2.4840386624295875e-05,0.0063078653202827024,40.00000000000001,25.0
0,13155.334999999946,13155.335011098812,1.7020246230471652e-06,4.1458916430303126e-05,0.01088994067347625,40.00000000000001,25.0
0,13155.339999999946,13155.340002678595,1.6066669358699395e-06,-0.0003100871247658513,-0.08537706912246887,40.00000000000001,25.0
0,13155.344999999945,13155.344986562808,1.5236634261654658e-06,5.663659071176998e-06,0.001133999790053944,40.00000000000001,25.0
0,13155.349999999944,13155.350087186354,1.4514298445262034e-06,-0.00021356983027441773,-0.058897178823321614,40.00000000000001,25.0
0,13155.354999999943,13155.355004158957,1.3886777843708827e-06,0.00010053882596287124,0.027158542389704287,40.00000000000001,25.0
0,13155.359999999942,13155.360007566765,1.3343578932936963e-06,-0.00029607951510251363,-0.08146560973868763,40.00000000000001,25.0
0,13155.364999999942,13155.365058329022,1.2876168197151835e-06,-0.00012978926452484495,-0.03590369861977062,40.00000000000001,25.0
0,13155.36999999994,13155.36997202988,1.2477645157604842e-06,-0.00023506119493947508,-0.06472816239142605,40.00000000000001,25.0
0,13155.37499999994,13155.375018013754,1.2142495134897615e-06,-0.00030921494476425916,-0.0850306790930457,40.00000000000001,25.0
0,13155.37999999994,13155.38003219687,1.1866404981031847e-06,-8.322145714324505e-05,-0.02312049895981837,40.00000000000001,25.0
0,13155.384999999938,13155.384955970347,1.1646130194755452e-06,-7.85350690089118e-05,-0.021830801391411993,40.00000000000001,25.0
0,13155.389999999938,13155.390018677872,1.1477123392371104e-06,8.372827200409357e-05,0.022619912036700603,40.00000000000001,25.0
0,13155.394999999937,13155.395026558246,1.1363142921737434e-06,-4.6957988093090615e-05,-0.013173668159143382,40.00000000000001,25.0
0,13155.399999999936,13155.400074283523,1.1301013834881366e-06,3.328583109585599e-05,0.008807881425381293,40.00000000000001,25.0
0,13155.404999999935,13155.405010858347,1.1291273725949971e-06,-0.00023916591681342664,-0.06582000393799754,40.00000000000001,25.0
0,13155.409999999934,13155.409969589615,1.133548028288271e-06,0.00019441760742930865,0.05294307085700343,40.00000000000001,25.0
0,13155.414999999934,13155.414981816399,1.1436338102099557e-06,-3.9118452731600216e-05,-0.011028320220713489,40.00000000000001,25.0
0,13155.419999999933,13155.420011310309,1.159789516013948e-06,-0.00014411448426815865,-0.039792552963188454,40.00000000000001,25.0
0,13155.424999999932,13155.425007107058,1.1825833753513777e-06,9.575635973873972e-05,0.025905013371189736,40.00000000000001,25.0
0,13155.429999999931,13155.42996342638,1.2127895175971521e-06,-0.00010078015012275527,-0.027937220725946454,40.00000000000001,25.0
0,13155.43499999993,13155.43494843353,1.2508173312445905e-06,-6.097601833716466e-05,-0.0170447567182165,40.00000000000001,25.0
0,13155.43999999993,13155.440020835778,1.2993889238274495e-06,0.00014070046449268317,0.03818380597063068,40.00000000000001,25.0
0,13155.444999999929,13155.44500985637,1.3597138438682249e-06,-9.916628299319074e-05,-0.02753540560979763,40.00000000000001,25.0
0,13155.449999999928,13155.449906290496,1.4344134967508827e-06,-0.00019061428453156078,-0.05260468897030254,40.00000000000001,25.0
0,13155.454999999927,13155.454917958092,1.5271839035292358e-06,5.045646928099961e-05,0.013402381090037685,40.00000000000001,25.0
0,13155.459999999926,13155.46000221268,1.6434098464096731e-06,1.0129268524974818e-05,0.0023243893919346155,40.00000000000001,25.0
0,13155.464999999926,13155.465044279721,1.7913080943726914e-06,-5.0175531777229544e-05,-0.014234407607450443,40.00000000000001,25.0
0,13155.469999999925,13155.470014263607,1.984286288920358e-06,0.00026493331372066454,0.07202523081438074,40.00000000000001,25.0
0,13155.474999999924,13155.474996943056,2.2464235557275515e-06,0.00013854557527274026,0.03733414783125756,40.00000000000001,25.0
0,13155.479999999923,13155.479893325673,2.6264951211134606e-06,7.311526297246141e-05,0.01930780966905271,40.00000000000001,25.0
0,13155.484999999922,13155.484956323018,3.234856717750188e-06,0.0002076050292382224,0.05597970447402686,40.00000000000001,25.0
0,13155.489999999922,13155.49013927197,4.334112934656723e-06,0.0002789816779485845,0.07522961562529698,40.00000000000001,25.0
0,13155.49499999992,13155.494978170196,6.526319199169448e-06,-0.0004502832588782837,-0.12512621027962934,40.00000000000001,25.0
0,13155.49999999992,13155.500049257429,1.1029220156686215e-05,0.0001286190822799504,0.03220942493524829,40.00000000000001,25.0
0,13155.50499999992,13155.505026972467,3.41484456570998e-05,-0.0001153767756158411,-0.04095694393678817,40.00000000000001,25.0
0,13155.509999999918,13155.50995806468,4.963642591371164e-05,-2.5809255793999497e-05,-0.020665574206608323,40.00000000000001,25.0
0,13155.514999999918,13155.514941621543,7.235622245611478e-05,0.00013160737536248285,0.01622967768993592,40.00000000000001,25.0
0,13155.519999999917,13155.520026237487,9.918123634696529e-05,0.000146619717415914,0.012994029990704491,40.00000000000001,25.0
0,13155.524999999916,13155.525041678482,0.0001224604653960231,7.293265138385587e-05,-0.01356632603208257,40.00000000000001,25.0
0,13155.529999999915,13155.529984223662,0.00013320179074199622,0.00023808616248462383,0.028729222379592197,40.00000000000001,25.0
0,13155.534999999914,13155.535038441782,0.0001267955419333756,0.0003137102703970827,0.05119842652279972,40.00000000000001,25.0
0,13155.539999999914,13155.5400367514,0.0001063862171013468,-0.00011772974854063334,-0.06138833945199342,40.00000000000001,25.0
0,13155.544999999913,13155.54502839709,8.05683640640854e-05,-2.0088582679319292e-06,-0.022618997896913164,40.00000000000001,25.0
0,13155.549999999912,13155.54990211301,5.770834571172954e-05,0.00020530100623719974,0.04042758988190192,40.00000000000001,25.0
0,13155.554999999911,13155.554974191979,4.1983219616767176e-05,0.00014346130471933923,0.027796195230314652,40.00000000000001,25.0
0,13155.55999999991,13155.559902861733,3.339465842190203e-05,-0.0003514192242966538,-0.10540563315289908,40.00000000000001,25.0
0,13155.56499999991,13155.564938527083,3.0065460858948132e-05,0.00013963546085146928,0.030012678186617636,40.00000000000001,25.0
0,13155.569999999909,13155.570008012799,3.0358357114722986e-05,0.00011682846140008784,0.023685309964927088,40.00000000000001,25.0
0,13155.574999999908,13155.574984277038,3.4024794951383026e-05,-0.00016596463709140692,-0.05477976147699536,40.00000000000001,25.0
0,13155.579999999907,13155.579960489333,4.301710578426524e-05,0.0005836146191695816,0.14807683853998965,40.00000000000001,25.0
0,13155.584999999906,13155.585043757499,6.265008018347202e-05,0.00019170633512605243,0.035350222212522826,40.00000000000001,25.0
0,13155.589999999906,13155.590009483003,0.00010254541580590161,0.00015416191547272743,0.014138444772527509,40.00000000000001,25.0
0,13155.594999999905,13155.595077785649,0.00017469245881921954,0.00015450820477316035,-0.005528735248358658,40.00000000000001,25.0
0,13155.599999999904,13155.599967225538,0.0002852538897878392,0.00030245606847058797,0.004711905201690911,40.00000000000001,25.0
0,13155.604999999903,13155.605031049217,0.0004216318692566282,0.0002856118782970852,-0.037257681992279364,40.00000000000001,25.0
0,13155.609999999902,13155.610033487614,0.0005461762547931628,0.0007934554965982977,0.06773306842233172,40.00000000000001,25.0
0,13155.614999999902,13155.615027353213,0.0006101834720478686,0.0004000173909933696,-0.05756728079640243,40.00000000000001,25.0
0,13155.6199999999,13155.620000816863,0.0005845772688804062,0.0006406064998684251,0.015347150486463962,40.00000000000001,25.0
0,13155.6249999999,13155.625012845936,0.00048144055639845576,0.0005913436995664134,0.03010393052681227,40.00000000000001,25.0
0,13155.6299999999,13155.630065600177,0.0003448237707599166,0.0006207869760109554,0.07558998695913356,40.00000000000001,25.0
0,13155.634999999898,13155.63497080974,0.0002203160184966601,0.0003381185583411665,0.032267680187648966,40.00000000000001,25.0
0,13155.639999999898,13155.640021093372,0.00013168906139461912,0.00010521706032623479,-0.007251032664738948,40.00000000000001,25.0
0,13155.644999999897,13155.644945825537,7.941451068423218e-05,-5.5323692493358865e-05,-0.03690658329550206,40.00000000000001,25.0
0,13155.649999999896,13155.650058461082,5.258944707261862e-05,0.0002254812056757749,0.04735734884027644,40.00000000000001,25.0
0,13155.654999999895,13155.655120394635,3.991570119758644e-05,0.0002626615190756902,0.06101303778266658,40.00000000000001,25.0
0,13155.659999999894,13155.659967688802,3.400855326567916e-05,-0.00022501033341427299,-0.07094871306664233,40.00000000000001,25.0
0,13155.664999999894,13155.664986531738,3.110769480943989e-05,0.00015373034076824807,0.033587971267723456,40.00000000000001,25.0
0,13155.669999999893,13155.670046872589,2.9561417696286986e-05,4.0700226999330926e-05,0.00305106780156228,40.00000000000001,25.0
0,13155.674999999892,13155.674974327025,2.8684794627630913e-05,5.065375202500698e-05,0.006017589198758471,40.00000000000001,25.0
0,13155.679999999891,13155.680061633755,2.8184056185711614e-05,0.00023970994603685677,0.057939750485294074,40.00000000000001,25.0
0,13155.68499999989,13155.68494660339,2.7919587995830436e-05,-7.464454976214873e-05,-0.02809367947639186,40.00000000000001,25.0
0,13155.68999999989,13155.689949132642,2.781647675118275e-05,0.000334884146576719,0.08410991290150063,40.00000000000001,25.0
0,13155.694999999889,13155.694980704877,2.783028788722534e-05,-8.385856639468138e-05,-0.030593060516781043,40.00000000000001,25.0
0,13155.699999999888,13155.700055484083,2.793273302888581e-05,0.00020736440666919504,0.0491487184249373,40.00000000000001,25.0
0,13155.704999999887,13155.705036463627,2.8104901798599727e-05,5.1481001789757745e-05,0.00640302424332124,40.00000000000001,25.0
0,13155.709999999886,13155.710033499723,2.8333703773323098e-05,-0.0002505773082046007,-0.07639743037116592,40.00000000000001,25.0
0,13155.714999999886,13155.714985053524,2.860984047533385e-05,-7.580186639864276e-05,-0.028599753194651877,40.00000000000001,25.0
0,13155.719999999885,13155.71997190165,2.8926579135705904e-05,8.962742509299574e-05,0.01662676786981783,40.00000000000001,25.0
0,13155.724999999884,13155.724991254692,2.927897741066301e-05,-0.00026740209878876306,-0.0812648869639548,40.00000000000001,25.0
0,13155.729999999883,13155.729999566252,2.9663375604525862e-05,-6.115236763455495e-05,-0.024875638188364243,40.00000000000001,25.0
0,13155.734999999882,13155.734967864142,3.0077054350499036e-05,-4.503346498238841e-05,-0.02057376878088475,40.00000000000001,25.0
0,13155.739999999882,13155.739961644655,3.051799818473037e-05,-0.0002014222520659737,-0.06353151491989674,40.00000000000001,25.0
0,13155.74499999988,13155.744950346005,3.0984728868000636e-05,-0.00010377869203474655,-0.03691349076533652,40.00000000000001,25.0
0,13155.74999999988,13155.749983396163,3.150911255960064e-05,3.614271462277295e-06,-0.0076407674452673695,40.00000000000001,25.0
0,13155.75499999988,13155.755087827669,3.202500383235756e-05,0.00021596944649699204,0.050384825794352786,40.00000000000001,25.0
0,13155.759999999878,13155.759978488106,3.256443633070413e-05,-0.00010877451232352387,-0.03871461514542083,40.00000000000001,25.0
0,13155.764999999878,13155.764924715708,3.312708426249216e-05,-4.5353573159746116e-05,-0.021496894362038825,40.00000000000001,25.0
0,13155.769999999877,13155.76995438776,3.371305307006422e-05,0.0002773619436750039,0.06673866701425198,40.00000000000001,25.0
0,13155.774999999876,13155.775022394302,3.432234727124215e-05,-0.0001473068332062406,-0.049750644732516766,40.00000000000001,25.0
0,13155.779999999875,13155.779956324113,3.495519424987811e-05,0.00013566105341606874,0.027584672290481147,40.00000000000001,25.0
0,13155.784999999874,13155.784994400117,3.5611940474279876e-05,0.00018158038423774783,0.039982695339722395,40.00000000000001,25.0
0,13155.789999999874,13155.789992929906,3.6293039772039475e-05,-0.0002450066878976238,-0.07705173132343747,40.00000000000001,25.0
0,13155.794999999873,13155.794886575597,3.699904461991636e-05,9.93370751949777e-05,0.0170752144799174,40.00000000000001,25.0
0,13155.799999999872,13155.799960093249,3.7730599825600816e-05,-5.2085474089566474e-05,-0.024601815484031873,40.00000000000001,25.0
0,13155.804999999871,13155.805046581117,3.8488438137254526e-05,-0.00015530964296065617,-0.053083868226454556,40.00000000000001,25.0
0,13155.80999999987,13155.80996507177,3.927337743359445e-05,-6.258824972494777e-06,-0.012471874947843102,40.00000000000001,25.0
0,13155.81499999987,13155.814931509882,4.008631923439966e-05,-4.00719653974868e-05,-0.021956418735167613,40.00000000000001,25.0
0,13155.819999999869,13155.819994841002,4.092824833667016e-05,-0.00011732466145914411,-0.043347573734797785,40.00000000000001,25.0
0,13155.824999999868,13155.82491530024,4.180023343182103e-05,-0.00015078676438182658,-0.05275213643061391,40.00000000000001,25.0
0,13155.829999999867,13155.83008569735,4.270343221410617e-05,0.00017834035502894966,0.037152754539954855,40.00000000000001,25.0
0,13155.834999999866,13155.835040396214,4.363179527730856e-05,0.0003817434415014857,0.09261327032916292,40.00000000000001,25.0
0,13155.839999999866,13155.83993237445,4.460131975171051e-05,-2.944287902737422e-05,-0.02028168941949713,40.00000000000001,25.0
0,13155.844999999865,13155.845071899408,5.5020711851598736e-05,0.0002630982221211157,0.05699519352028746,40.00000000000001,25.0
0,13155.849999999864,13155.85005985406,5.6183376940635376e-05,0.0002781352522290119,0.06079556636306488,40.00000000000001,25.0
0,13155.854999999863,13155.85496672581,5.738677978952145e-05,0.00024131954046067032,0.05038162594118964,40.00000000000001,25.0
0,13155.859999999862,13155.859999059361,5.863272359222818e-05,-6.334183839207613e-05,-0.03341045245996571,40.00000000000001,25.0
0,13155.864999999862,13155.865051313198,5.992313015619184e-05,0.00017824890486244337,0.032411001165313,40.00000000000001,25.0
0,13155.86999999986,13155.870023152529,6.126004739171564e-05,0.00031044427710714723,0.06825486991092379,40.00000000000001,25.0
0,13155.87499999986,13155.874951218259,6.264565762566883e-05,0.00011764684468909867,0.015065555602166198,40.00000000000001,25.0
0,13155.87999999986,13155.879937712405,6.408228679747519e-05,0.0002234010194458197,0.04363951676919695,40.00000000000001,25.0
0,13155.884999999858,13155.88499329853,6.557241460680347e-05,2.8113779086178363e-05,-0.010260417753646636,40.00000000000001,25.0
0,13155.889999999858,13155.89000738554,6.711868569434096e-05,0.0002723299921304781,0.05621010222454639,40.00000000000001,25.0
0,13155.894999999857,13155.89495922691,6.872392194998406e-05,0.00021644544686367703,0.04046288754927173,40.00000000000001,25.0
0,13155.899999999856,13155.899958959391,7.039113605724122e-05,0.00024107479172398875,0.04675252012039066,40.00000000000001,25.0
0,13155.904999999855,13155.904999633864,7.212767156740413e-05,-7.108259795748928e-05,-0.03922719478472917,40.00000000000001,25.0
0,13155.909999999854,13155.910083114211,7.392877302688709e-05,0.00027445563815251884,0.05492697153598299,40.00000000000001,25.0
0,13155.914999999854,13155.915101565024,7.580219296687111e-05,0.0003781133940290952,0.08280705293702374,40.00000000000001,25.0
0,13155.919999999853,13155.920031821715,7.775187220220627e-05,0.00020882787668352246,0.035903458435282566,40.00000000000001,25.0
0,13155.924999999852,13155.925033504358,7.978203365902959e-05,-1.0874147172414248e-05,-0.024831931925779434,40.00000000000001,25.0
0,13155.929999999851,13155.929945085589,8.189720668794301e-05,0.00048517636101250773,0.11046351628128696,40.00000000000001,25.0
0,13155.93499999985,13155.93508526338,8.410225397846418e-05,-0.00015148386374029397,-0.06453016643981309,40.00000000000001,25.0
0,13155.93999999985,13155.940092678013,8.640240140806888e-05,8.309623414104828e-05,-0.0009056031233274735,40.00000000000001,25.0
0,13155.944999999849,13155.945035857703,8.880327121736989e-05,0.00042331910156218755,0.09162832860412037,40.00000000000001,25.0
0,13155.949999999848,13155.95002697574,9.131091897773704e-05,0.00032679533938793454,0.06450231019636611,40.00000000000001,25.0
0,13155.954999999847,13155.95503410905,9.393187491533336e-05,2.9831160243975417e-05,-0.017558037063931546,40.00000000000001,25.0
0,13155.959999999846,13155.959981479697,9.667319028996888e-05,8.30280190575753e-05,-0.0037375936207636584,40.00000000000001,25.0
0,13155.964999999846,13155.964971003948,9.954248972047088e-05,0.00019456028109612875,0.026026634979971177,40.00000000000001,25.0
0,13155.969999999845,13155.970021846544,0.00010256958471111485,0.0005210053753433972,0.11461512025980462,40.00000000000001,25.0
0,13155.974999999844,13155.974966805481,0.00010568326520318513,0.00021030844201693378,0.02865822544622924,40.00000000000001,25.0
0,13155.979999999843,13155.979951874533,0.00010898972047200436,0.0003835954757059742,0.07521816337129483,40.00000000000001,25.0
0,13155.984999999842,13155.984961337957,0.00011246172703263762,-0.0004388610003056371,-0.15101461708224329,40.00000000000001,25.0
0,13155.989999999842,13155.990034619963,0.00011611089593127514,-3.031628295812221e-05,-0.04010834898313169,40.00000000000001,25.0
0,13155.99499999984,13155.994998390686,0.00011994999508720873,0.00013627384180073867,0.004471318410279185,40.00000000000001,25.0
0,13155.99999999984,13155.999985653962,0.00012399319967416731,0.00014739361463851812,0.006409684437403572,40.00000000000001,25.0
0,13156.00499999984,13156.004902513083,0.00012825655876233,0.0005805827330621119,0.12389814644126941,40.00000000000001,25.0
0,13156.009999999838,13156.00991483534,0.00013275901983464885,0.00022128711156624433,0.024249020058383645,40.00000000000001,25.0
0,13156.014999999838,13156.01505112267,0.00013752481095629727,0.0007250205154792093,0.16092287594295773,40.00000000000001,25.0
0,13156.019999999837,13156.02006589599,0.0001425885660723867,0.000673558926960548,0.14543983361372947,40.00000000000001,25.0
0,13156.024999999836,13156.024945896928,0.00014800415836929373,0.00020235123284222827,0.014886385476422926,40.00000000000001,25.0
0,13156.029999999835,13156.02995806724,0.0001538539048006487,7.283112207004378e-05,-0.022193216245722975,40.00000000000001,25.0
0,13156.034999999834,13156.035010008936,0.00016024462805183586,0.0001820728980006219,0.0059790530381331405,40.00000000000001,25.0
0,13156.039999999834,13156.040090074739,0.00016726904896144075,-1.6400753861376446e-05,-0.05030959829421362,40.00000000000001,25.0
0,13156.044999999833,13156.044979866185,0.00017510813850746517,0.0002281015884672956,0.01451560974492631,40.00000000000001,25.0
0,13156.049999999832,13156.050090151519,0.0001832612177259085,0.000138573881007038,-0.01224045501553369,40.00000000000001,25.0
0,13156.054999999831,13156.055022186238,0.00019161091782510364,0.0001594249487018181,-0.008816164401638361,40.00000000000001,25.0
0,13156.05999999983,13156.060045440603,0.00019991768957924294,0.0003258327754259268,0.03448981427959113,40.00000000000001,25.0
0,13156.06499999983,13156.064941632474,0.00020817453449644465,9.279403190832337e-05,-0.03160425201628047,40.00000000000001,25.0
0,13156.069999999829,13156.070033951046,0.0002166485633709842,0.0002938453817412092,0.02114523379514902,40.00000000000001,25.0
0,13156.074999999828,13156.075011041768,0.0002257344393469223,0.0004288446243092107,0.055634577148066355,40.00000000000001,25.0
0,13156.079999999827,13156.079937007982,0.00023575920132697516,-9.336536659963719e-05,-0.0901515902269346,40.00000000000001,25.0
0,13156.084999999826,13156.085051630635,0.0002468937362491074,8.322414520919286e-05,-0.04483127466598119,40.00000000000001,25.0
0,13156.089999999826,13156.090074667853,0.0002591922717132577,0.0006848380854507388,0.11659004134394427,40.00000000000001,25.0
0,13156.094999999825,13156.095101815199,0.0002726775171128937,7.206334079911495e-05,-0.05495088722998797,40.00000000000001,25.0
0,13156.099999999824,13156.099955499301,0.0002873991205904805,0.00043250503621387773,0.03974643742700348,40.00000000000001,25.0
0,13156.104999999823,13156.104933419905,0.0003034518837052781,0.0005200038406608462,0.05931645701591091,40.00000000000001,25.0
0,13156.109999999822,13156.109969025973,0.00032097303450904976,0.00011326971708410549,-0.05689269713053971,40.00000000000001,25.0
0,13156.114999999822,13156.114952429421,0.0003401366922035467,0.00015279516023910855,-0.05131533366998635,40.00000000000001,25.0
0,13156.11999999982,13156.119986800335,0.00036115249237097174,0.0005169257855048033,0.042668373799529556,40.00000000000001,25.0
0,13156.12499999982,13156.124982079977,0.00038426871903636864,0.0003535203532348954,-0.008422385759122073,40.00000000000001,25.0
0,13156.12999999982,13156.130032818672,0.0004097788386882821,0.0005204791724669505,0.030322291622498016,40.00000000000001,25.0
0,13156.134999999818,13156.134978243363,0.00043803086801521657,0.00013020557567580378,-0.0843174357699634,40.00000000000001,25.0
0,13156.139999999818,13156.13997069397,0.000469439730651739,0.0004007791435961199,-0.018807046669208696,40.00000000000001,25.0
0,13156.144999999817,13156.145090216394,0.0005045032968981862,0.0003753019901728174,-0.03538995382224738,40.00000000000001,25.0
0,13156.149999999816,13156.15009270525,0.0005438232645545048,0.000564373374910328,0.005628948150505584,40.00000000000001,25.0
0,13156.154999999815,13156.155083799824,0.0005881325831471251,0.0005816699996613189,-0.0017701874457140539,40.00000000000001,25.0
0,13156.159999999814,13156.159981552399,0.0006383318829307502,0.0006084337577297748,-0.008189493566681819,40.00000000000001,25.0
0,13156.164999999814,13156.165013961729,0.0006955386153970781,0.0008241417111041912,0.035226095879563955,40.00000000000001,25.0
0,13156.169999999813,13156.17006667045,0.0007611535621946328,0.0008985606900969719,0.03763763722334396,40.00000000000001,25.0
0,13156.174999999812,13156.17498711906,0.0008369544549918573,0.0006371261992485046,-0.05473561314801252,40.00000000000001,25.0
0,13156.179999999811,13156.179976241961,0.0009252270647353057,0.0011421677701857207,0.05942294039158097,40.00000000000001,25.0
0,13156.18499999981,13156.184988977255,0.0010289553978995347,0.0009785055079665776,-0.013818894872788834,40.00000000000001,25.0
0,13156.18999999981,13156.189951779263,0.0011521034136922506,0.0010099268567751111,-0.03894404717282733,40.00000000000001,25.0
0,13156.194999999809,13156.194980418873,0.0013000451664023755,0.0013382191680778623,0.01045636604417257,40.00000000000001,25.0
0,13156.199999999808,13156.199991378362,0.0014802460991166855,0.0016227362718701402,0.039029950715495906,40.00000000000001,25.0
0,13156.204999999807,13156.204938095165,0.0017033944310387514,0.001706090654696928,0.0007385314682624944,40.00000000000001,25.0
0,13156.209999999806,13156.209941498282,0.0019854061707529893,0.001940338669007712,-0.012344587265201773,40.00000000000001,25.0
0,13156.214999999806,13156.214913781254,0.00235132305790377,0.0022354942761209063,-0.03172704164127346,40.00000000000001,25.0
0,13156.219999999805,13156.219993685427,0.002843884124248819,0.002916794968509718,0.01997124856499331,40.00000000000001,25.0
0,13156.224999999804,13156.225024843348,0.003544944596797761,0.0037565699861540915,0.057967004721207756,40.00000000000001,25.0
0,13156.229999999803,13156.230148185861,0.004633288669523259,0.004355702924818549,-0.07603442206428496,40.00000000000001,25.0
0,13156.234999999802,13156.234962194161,0.006538284484246042,0.006668959313438755,0.03579357119576374,40.00000000000001,25.0
0,13156.239999999802,13156.24005470712,0.010303280708551204,0.010449553570596357,0.04006607955002605,40.00000000000001,25.0
0,13156.2449999998,13156.24503064783,0.01827007391347118,0.018106762892996783,-0.0447330574259443,40.00000000000001,25.0
0,13156.2499999998,13156.25003727871,0.034911198901716636,0.03472350402254984,-0.05141212016148277,40.00000000000001,25.0
0,13156.2549999998,13156.254917397384,0.066847513917481,0.06659919612554027,-0.06801754109735686,40.00000000000001,25.0
0,13156.259999999798,13156.260035827252,0.12026751932789086,0.12051563028733778,0.06796088693037906,40.00000000000001,25.0
0,13156.264999999798,13156.264958111555,0.19487691975237512,0.19507808253762868,0.05510115850461716,40.00000000000001,25.0
0,13156.269999999797,13156.269979560047,0.2775341580690847,0.2772471957613099,-0.07860278721841997,40.00000000000001,25.0
0,13156.274999999796,13156.27494327074,0.34283580149593196,0.34295512673005357,0.032684766372905585,40.00000000000001,25.0
0,13156.279999999795,13156.27999699753,0.36500584189289914,0.36507904863144586,0.0200522979396223,40.00000000000001,25.0
0,13156.284999999794,13156.284972586676,0.33436183010339743,0.33444925644175233,0.023947235176226104,40.00000000000001,25.0
0,13156.289999999794,13156.289986456526,0.26416935803603137,0.26417036350973105,0.000275412599944621,40.00000000000001,25.0
0,13156.294999999793,13156.294947826973,0.1813316602523861,0.18136068959081472,0.007951521331463166,40.00000000000001,25.0
0,13156.299999999792,13156.2999889697,0.10974173514452862,0.10993263404607348,0.052289744443148656,40.00000000000001,25.0
0,13156.304999999791,13156.304994531938,0.06015510246785018,0.06028357659806794,0.035190770519252845,40.00000000000001,25.0
0,13156.30999999979,13156.310006042904,0.03127342109790556,0.031252007679863095,-0.005865419591383851,40.00000000000001,25.0
0,13156.31499999979,13156.315005712106,0.016498617555556407,0.016126488844733642,-0.10193099610008996,40.00000000000001,25.0
0,13156.319999999789,13156.320143161123,0.009481933054409943,0.009568323692249895,0.023663543050142104,40.00000000000001,25.0
0,13156.324999999788,13156.324969877562,0.006148615590519559,0.005874868133527782,-0.07498306408378161,40.00000000000001,25.0
0,13156.329999999787,13156.33003140585,0.0044336017458078015,0.004499844891598082,0.018144877400826764,40.00000000000001,25.0
0,13156.334999999786,13156.335052211745,0.0034343363722062815,0.0032828314721237003,-0.041499204254673135,40.00000000000001,25.0
0,13156.339999999786,13156.340020488171,0.0027811548501300233,0.002489148459293269,-0.0799844285590709,40.00000000000001,25.0
0,13156.344999999785,13156.344942395937,0.0023185384702567894,0.0023485901716941734,0.008231560137465394,40.00000000000001,25.0
0,13156.349999999784,13156.3499940905,0.0019739218062206423,0.0018158494433254124,-0.04329811954090165,40.00000000000001,25.0
0,13156.354999999783,13156.35495926119,0.001708922906877192,0.0014425268829341019,-0.0729694089380686,40.00000000000001,25.0
0,13156.359999999782,13156.360059218256,0.0015013639469141917,0.0015892033330366445,0.024060374445406273,40.00000000000001,25.0
0,13156.364999999782,13156.36505411937,0.0013381806566393436,0.0011423232274529694,-0.053647951017889266,40.00000000000001,25.0
0,13156.36999999978,13156.370077345004,0.0012120284014672134,0.0012251640961842213,0.0035980412368907715,40.00000000000001,25.0
0,13156.37499999978,13156.37491773997,0.0011185197067169605,0.000919006324553323,-0.05464936509272269,40.00000000000001,25.0
0,13156.37999999978,13156.379985634438,0.0010526579634345657,0.001085778932571153,0.00907227332292728,40.00000000000001,25.0
0,13156.384999999778,13156.385043402794,0.0010054789430868844,0.0007633092814453186,-0.06633348655568579,40.00000000000001,25.0
0,13156.389999999778,13156.389920049663,0.000963693278929108,0.0008675061958632454,-0.02634691950316908,40.00000000000001,25.0
0,13156.394999999777,13156.39508806525,0.0009139725017706897,0.0010677944312974977,0.042133869391692794,40.00000000000001,25.0
0,13156.399999999776,13156.399976333802,0.0008508625120694627,0.0009762691461035304,0.034350542575415796,40.00000000000001,25.0
0,13156.404999999775,13156.404959146214,0.000778964774410725,0.0006399860326911454,-0.038068123120338596,40.00000000000001,25.0
0,13156.409999999774,13156.409969074888,0.0007086866786678955,0.00046787909455367916,-0.06596039543132372,40.00000000000001,25.0
0,13156.414999999773,13156.415041991988,0.0006489161655742572,0.0005487507812194669,-0.027436629061644447,40.00000000000001,25.0
0,13156.419999999773,13156.420063887066,0.0006029584515589758,0.0006021781148934822,-0.00021374457625514034,40.00000000000001,25.0
0,13156.424999999772,13156.424938206932,0.00056937894867116,0.0009239527052179691,0.09712246097824088,40.00000000000001,25.0
0,13156.429999999771,13156.429919149454,0.0005449645778099542,0.0005537775765162076,0.0024139973902337778,40.00000000000001,25.0
0,13156.43499999977,13156.434981999679,0.0005268958516286248,0.0007447797994371983,0.05968130700059192,40.00000000000001,25.0
0,13156.43999999977,13156.440021818444,0.0005134057911150515,0.0003846161654758255,-0.035277188905255843,40.00000000000001,25.0
0,13156.444999999769,13156.44502809044,0.0005035900013296626,0.0005960498354242322,0.025325976508695662,40.00000000000001,25.0
0,13156.449999999768,13156.450012499738,0.0004970665395463587,0.0008396086751380667,0.09382684020783422,40.00000000000001,25.0
0,13156.454999999767,13156.45495534738,0.0004937740947531968,0.00045202868184090615,-0.011434623013503424,40.00000000000001,25.0
0,13156.459999999766,13156.460062744258,0.0004939558596594751,0.0002645892028139674,-0.06282657350656615,40.00000000000001,25.0
0,13156.464999999765,13156.465036668538,0.0004983813039115395,0.0006224584012755497,0.033986364824037975,40.00000000000001,25.0
0,13156.469999999765,13156.470022288253,0.0005089913754457534,0.00025358318961447217,-0.06995969415081953,40.00000000000001,25.0
0,13156.474999999764,13156.475007506924,0.000530244461002778,0.00019871757828194224,-0.09080961615398486,40.00000000000001,25.0
0,13156.479999999763,13156.480027970923,0.0005710261015257262,0.00045183246342287396,-0.0326487204756525,40.00000000000001,25.0
0,13156.484999999762,13156.485076388748,0.0006453717544977441,0.0006001071917385262,-0.012398564894068539,40.00000000000001,25.0
0,13156.489999999761,13156.489929317135,0.0007679331174321408,0.000564995299647191,-0.05558736348900135,40.00000000000001,25.0
0,13156.49499999976,13156.49501837088,0.0009410085586644564,0.0007045760314643781,-0.06476200923782985,40.00000000000001,25.0
0,13156.49999999976,13156.499978473921,0.0011388779337552707,0.0011052990195252494,-0.009197710565943736,40.00000000000001,25.0
0,13156.50499999976,13156.504990030948,0.001306845340804254,0.0013171885701096862,0.002833147874194737,40.00000000000001,25.0
0,13156.509999999758,13156.509998003734,0.001387853992771038,0.001477074811741369,0.024438767249117376,40.00000000000001,25.0
0,13156.514999999757,13156.515011840884,0.0013617715571263749,0.0015849001175619343,0.06111787605232091,40.00000000000001,25.0
0,13156.519999999757,13156.520047817867,0.0012613657814726795,0.0012410933118829517,-0.005552898657351662,40.00000000000001,25.0
0,13156.524999999756,13156.525021970116,0.0011495983003279124,0.001108399774884023,-0.011284823272748292,40.00000000000001,25.0
0,13156.529999999755,13156.52995152319,0.0010794546481436905,0.0008437743592709746,-0.0645559611695602,40.00000000000001,25.0
0,13156.534999999754,13156.534998333796,0.001073969852855608,0.001031028338581804,-0.011762251061729505,40.00000000000001,25.0
0,13156.539999999753,13156.539958243218,0.0011321578311354144,0.0012149239490033385,0.02267073889290155,40.00000000000001,25.0
0,13156.544999999753,13156.545093335772,0.001246031348005948,0.0013379290577103596,0.02517200317271126,40.00000000000001,25.0
0,13156.549999999752,13156.549967834782,0.0014132175644629749,0.0014278430758988211,0.004006121822293608,40.00000000000001,25.0
0,13156.554999999751,13156.55494914732,0.0016426158872252113,0.0016442779444116732,0.00045525953699407026,40.00000000000001,25.0
0,13156.55999999975,13156.5599756363,0.001958850702300978,0.0020991959604381954,0.03844243011570312,40.00000000000001,25.0
0,13156.56499999975,13156.564998241904,0.002414472731733639,0.002361552379951891,-0.014495587183139631,40.00000000000001,25.0
0,13156.569999999749,13156.569965477409,0.003126294398735143,0.0033427286819364506,0.059284224611805124,40.00000000000001,25.0
0,13156.574999999748,13156.575025063206,0.004373836679320094,0.004709484774065525,0.09193847086094338,40.00000000000001,25.0
0,13156.579999999747,13156.579976115385,0.006833067841348697,0.006967599510664659,0.03685001092784528,40.00000000000001,25.0
0,13156.584999999746,13156.585049903602,0.012019852619775463,0.012091180867513542,0.019537754359080253,40.00000000000001,25.0
0,13156.589999999745,13156.59000391436,0.022839057847720043,0.02280289780449066,-0.009904716078595482,40.00000000000001,25.0
0,13156.594999999745,13156.595015717094,0.0436213550636252,0.0438019935502888,0.049479280539583385,40.00000000000001,25.0
0,13156.599999999744,13156.599984149638,0.07846701074854777,0.07843946944934041,-0.007543927626250258,40.00000000000001,25.0
0,13156.604999999743,13156.605065603622,0.12726896310767374,0.12730915901575368,0.01101019306109674,40.00000000000001,25.0
0,13156.609999999742,13156.61001928881,0.18144742707965889,0.18151792566423983,0.019310498601663395,40.00000000000001,25.0
0,13156.614999999741,13156.614970365175,0.22425195581919324,0.22446567933307082,0.058541708892568156,40.00000000000001,25.0
0,13156.61999999974,13156.619997256676,0.23863914404347136,0.23868590191287647,0.012807601416841312,40.00000000000001,25.0
0,13156.62499999974,13156.625001804552,0.21826516417696118,0.21821200904090518,-0.014559897714004422,40.00000000000001,25.0
0,13156.629999999739,13156.630097345476,0.17202447608476312,0.1720362151507715,0.003215486085104503,40.00000000000001,25.0
0,13156.634999999738,13156.6350125308,0.11774637295000183,0.11778565701668106,0.010760427591365323,40.00000000000001,25.0
0,13156.639999999737,13156.639915312979,0.07108906860615356,0.0707931491468106,-0.08105626999200778,40.00000000000001,25.0
0,13156.644999999737,13156.645129246448,0.03893952968911911,0.03901364216773834,0.02030039217453059,40.00000000000001,25.0
0,13156.649999999736,13156.650006156484,0.020294940609454578,0.020235828480107684,-0.016191597290637502,40.00000000000001,25.0
0,13156.654999999735,13156.655000190909,0.01078308320864956,0.011006030257859267,0.061068157716926696,40.00000000000001,25.0
0,13156.659999999734,13156.659992934912,0.0062699120287701615,0.006323133324016471,0.014578019594884247,40.00000000000001,25.0
0,13156.664999999733,13156.664996653773,0.0041237296962916585,0.0042197078734457685,0.02628969739948067,40.00000000000001,25.0
0,13156.669999999733,13156.669997734034,0.0030125686989999527,0.0028797541517516703,-0.036379668388574454,40.00000000000001,25.0
0,13156.674999999732,13156.674949905491,0.0023525356339473297,0.002236699505620954,-0.031729053957110134,40.00000000000001,25.0
0,13156.679999999731,13156.679989086486,0.0019067403286617103,0.0022516351761404517,0.09447127923983367,40.00000000000001,25.0
0,13156.68499999973,13156.685048560474,0.001581268392024533,0.0018296316484036968,0.06802999441085185,40.00000000000001,25.0
0,13156.68999999973,13156.689911799403,0.0013374805048541856,0.0012308732405374473,-0.029201145537212227,40.00000000000001,25.0
0,13156.694999999729,13156.69496031585,0.0011578212114797563,0.0012595229730440753,0.027857463183812794,40.00000000000001,25.0
0,13156.699999999728,13156.699975848987,0.0010346347677133768,0.000928323295179516,-0.029120124239499754,40.00000000000001,25.0
0,13156.704999999727,13156.70499861493,0.0009666552303439639,0.0008400536908634561,-0.03467784304662042,40.00000000000001,25.0
0,13156.709999999726,13156.709936547268,0.0009535684170813905,0.0009665793965804609,0.003563880082366836,40.00000000000001,25.0
0,13156.714999999725,13156.714977369327,0.0009852984711342368,0.001070439055620204,0.023321136834647087,40.00000000000001,25.0
0,13156.719999999725,13156.720041716952,0.0010325641820164082,0.0011006653076482235,0.018653802755075312,40.00000000000001,25.0
0,13156.724999999724,13156.72504216451,0.0010516477832044995,0.0013312776903332238,0.07659434530054776,40.00000000000001,25.0
0,13156.729999999723,13156.730020649084,0.001007109037669853,0.001273251969754512,0.07290008371675558,40.00000000000001,25.0
0,13156.734999999722,13156.735034237508,0.0008954190592979982,0.0009420378201273228,0.012769497730445518,40.00000000000001,25.0
0,13156.739999999721,13156.739958378728,0.0007463551668748917,0.0007340730983554902,-0.0033642216844386665,40.00000000000001,25.0
0,13156.74499999972,13156.744956506442,0.000600506658407035,0.0004148460169727719,-0.05085491543002539,40.00000000000001,25.0
0,13156.74999999972,13156.750031000141,0.00048477807143015736,8.673229016236984e-05,-0.1090300258971098,40.00000000000001,25.0
0,13156.754999999719,13156.755029717504,0.0004048112555155405,0.0003772330205276559,-0.007554044827076715,40.00000000000001,25.0
0,13156.759999999718,13156.760040298404,0.0003527946453003001,0.0003054088086880222,-0.012979609974856367,40.00000000000001,25.0
0,13156.764999999717,13156.764917371947,0.00031810481046794887,0.0006581473873068964,0.09314217786905292,40.00000000000001,25.0
0,13156.769999999717,13156.770008780048,0.0002928978141516834,5.506862231370482e-05,-0.0651445742311199,40.00000000000001,25.0
0,13156.774999999716,13156.775014684988,0.00027280214639081114,0.00029939611353037174,0.0072844407914538275,40.00000000000001,25.0
0,13156.779999999715,13156.780015062499,0.0002557228587786344,0.00032915376562811977,0.020113700614908536,40.00000000000001,25.0
0,13156.784999999714,13156.785085896609,0.0002406909430215481,0.00045111737391824306,0.05763859407586119,40.00000000000001,25.0
0,13156.789999999713,13156.789989663921,0.00022721973287602597,-3.671682301110694e-05,-0.07229572797358245,40.00000000000001,25.0
0,13156.794999999713,13156.794983885931,0.00021502374453860956,0.0003814940187539457,0.04559841898333393,40.00000000000001,25.0
0,13156.799999999712,13156.799973330557,0.00020390897802500223,9.531468536256226e-05,-0.029745418990632884,40.00000000000001,25.0
0,13156.804999999711,13156.804961595775,0.0001937300264769968,0.00017278380094392796,-0.005737449358320868,40.00000000000001,25.0
0,13156.80999999971,13156.810026580948,0.00018437151419513093,2.7286616533094173e-06,-0.049754389692516526,40.00000000000001,25.0
0,13156.81499999971,13156.815025595399,0.00017573876034186024,0.00031644688472924577,0.03854182400081606,40.00000000000001,25.0
0,13156.819999999709,13156.820007431807,0.00016775237794925196,-8.094325847397127e-06,-0.04816674757311796,40.00000000000001,25.0
0,13156.824999999708,13156.82489519194,0.00016034480520121517,2.5176867090280887e-05,-0.03702429340101323,40.00000000000001,25.0
0,13156.829999999707,13156.830005893818,0.0001534579087128353,0.0003952929907755163,0.06624184076550994,40.00000000000001,25.0
0,13156.834999999706,13156.834993854924,0.00014704123957255628,0.0001939763261157754,0.012856143544572714,40.00000000000001,25.0
0,13156.839999999705,13156.840016173632,0.0001410507155513339,0.0002622587203379079,0.03320048226293471,40.00000000000001,25.0
0,13156.844999999705,13156.84495968964,0.00013544740554507494,0.00018102903189646383,0.012485412822855358,40.00000000000001,25.0
0,13156.849999999704,13156.85003251319,0.00013019748323237228,-7.933150328905518e-05,-0.057392772142602716,40.00000000000001,25.0
0,13156.854999999703,13156.85504347986,0.0001251279068564052,0.000293248086901046,0.04605035010222164,40.00000000000001,25.0
0,13156.859999999702,13156.859993167625,0.00012050855256282635,0.00030650769631523407,0.05094763571058205,40.00000000000001,25.0
0,13156.864999999701,13156.864950273788,0.00011615971183393591,0.00013817063433387293,0.00602908399768442,40.00000000000001,25.0
0,13156.8699999997,13156.869960067146,0.00011206535447502344,-0.00012079003572073483,-0.06378218390473296,40.00000000000001,25.0
0,13156.8749999997,13156.875036883608,0.00010819543864277273,0.00010921114649666458,0.0002782158706996158,40.00000000000001,25.0
0,13156.879999999699,13156.879986695922,0.00010453797498008695,4.4738237256438255e-05,-0.01637994235709145,40.00000000000001,25.0
0,13156.884999999698,13156.88502019752,0.0001010773324521627,0.00010636037416387645,0.0014470952884089168,40.00000000000001,25.0
0,13156.889999999697,13156.890054443862,9.779940946970386e-05,-9.839922438616407e-05,-0.053741411508370106,40.00000000000001,25.0
0,13156.894999999697,13156.894974206589,9.4691487245985e-05,-5.604457027119479e-05,-0.04128860806508529,40.00000000000001,25.0
0,13156.899999999696,13156.899904414002,9.174211800841057e-05,8.276328169004346e-05,-0.0024594225146651483,40.00000000000001,25.0
0,13156.904999999695,13156.90500725481,8.894098670965812e-05,0.00035575438386334216,0.07308373300354389,40.00000000000001,25.0
0,13156.909999999694,13156.909983487143,8.627918085274115e-05,0.00043769949139581157,0.09625869023720279,40.00000000000001,25.0
0,13156.914999999693,13156.91498450325,8.374887735174358e-05,0.00019827888880232284,0.03137129119841644,40.00000000000001,25.0
0,13156.919999999693,13156.920018103081,8.134406613877398e-05,0.0002738459755319885,0.05272882958220613,40.00000000000001,25.0
0,13156.924999999692,13156.924928787641,7.906192411963723e-05,-0.0001527464659710842,-0.06349539667085534,40.00000000000001,25.0
0,13156.929999999691,13156.929879782656,7.690759802623133e-05,-0.00014949816787798118,-0.06201554615443664,40.00000000000001,25.0
0,13156.93499999969,13156.934995393309,7.490885890157985e-05,-0.00020924202714280862,-0.07783270146823575,40.00000000000001,25.0
0,13156.93999999969,13156.939935359418,7.315437686581305e-05,0.00017814790533729073,0.02875912185732428,40.00000000000001,25.0
0,13156.944999999689,13156.944949569208,7.18713349270452e-05,0.0001546483866641516,0.022673733824882237,40.00000000000001,25.0
0,13156.949999999688,13156.94997112843,7.15309345068375e-05,0.00017109382800865872,0.02727159881539294,40.00000000000001,25.0
0,13156.954999999687,13156.954987041485,7.285374788383669e-05,0.0003452834868214651,0.07462212360826308,40.00000000000001,25.0
0,13156.959999999686,13156.959970711769,7.655808620803601e-05,0.00017162391677100924,0.026039793551380697,40.00000000000001,25.0
0,13156.964999999685,13156.965071262775,8.269503359454328e-05,0.0003339618518309568,0.06882531856547924,40.00000000000001,25.0
0,13156.969999999685,13156.970013570843,8.981305915267374e-05,0.00024904857455454075,0.04361672246018648,40.00000000000001,25.0
0,13156.974999999684,13156.975024878533,9.517647247051815e-05,0.00040873949230938155,0.08588907553427179,40.00000000000001,25.0
0,13156.979999999683,13156.979962368525,9.598018700228345e-05,0.00013562559163518272,0.010859402855769475,40.00000000000001,25.0
0,13156.984999999682,13156.985035204718,9.120711672629967e-05,0.0002509816714132466,0.04376437247929895,40.00000000000001,25.0
0,13156.989999999681,13156.990029303255,8.237744279193295e-05,-3.6500437144740944e-05,-0.03256223012038233,40.00000000000001,25.0
0,13156.99499999968,13156.994982478122,7.240365862114561e-05,-0.00013021980990668094,-0.05550125905263294,40.00000000000001,25.0
0,13156.99999999968,13157.000031722988,6.384480447643826e-05,-0.00016106547741579286,-0.061605913222175145,40.00000000000001,25.0
0,13157.004999999679,13157.005101274166,5.776022343297245e-05,0.0006166980566587444,0.15310049572032006,40.00000000000001,25.0
0,13157.009999999678,13157.010033890627,5.3907861411514206e-05,1.3749361267285672e-05,-0.010999946530694861,40.00000000000001,25.0
0,13157.014999999677,13157.014986066244,5.152109431184113e-05,0.00010528651559659403,0.014727062943299741,40.00000000000001,25.0
0,13157.019999999677,13157.020031645374,4.991081823753472e-05,0.00012977180111164733,0.02187498383527721,40.00000000000001,25.0
0,13157.024999999676,13157.02502528157,4.866012436840188e-05,0.0004678539714374936,0.1148227619855216,40.00000000000001,25.0
0,13157.029999999675,13157.029958212126,4.757283420996542e-05,0.0001803523891593113,0.036370083533166356,40.00000000000001,25.0
0,13157.034999999674,13157.035045571352,4.6571744636168005e-05,0.00014377006981883223,0.026623912149170672,40.00000000000001,25.0
0,13157.039999999673,13157.039954671316,4.563003999808842e-05,2.7295406901392143e-05,-0.005022099505689639,40.00000000000001,25.0
0,13157.044999999673,13157.044972059406,4.473992871948641e-05,0.00015213826074070194,0.029417829487562885,40.00000000000001,25.0
0,13157.049999999672,13157.05010227915,4.3902290404118614e-05,3.429896263452167e-05,-0.002630479016968098,40.00000000000001,25.0
0,13157.054999999671,13157.05502329014,4.312710135247533e-05,0.0002816130229863332,0.06532446124417671,40.00000000000001,25.0
0,13157.05999999967,13157.060020412671,2.8892019356962333e-05,0.00021667484708270143,0.051436210439813376,40.00000000000001,25.0
0,13157.06499999967,13157.065039659701,2.8571632642994884e-05,-0.00025352347215713925,-0.07726959568280085,40.00000000000001,25.0
0,13157.069999999669,13157.070017168286,2.8696555130094943e-05,0.00015945452305995788,0.03581634400002656,40.00000000000001,25.0
0,13157.074999999668,13157.075068938359,2.99120784438261e-05,0.0004601094781514748,0.11783678119035011,40.00000000000001,25.0
0,13157.079999999667,13157.079996780258,3.352969880783067e-05,-0.00017686989259533683,-0.05763124238213128,40.00000000000001,25.0
0,13157.084999999666,13157.084987402544,4.157765293567103e-05,-6.987089262521613e-05,-0.030527236766576697,40.00000000000001,25.0
0,13157.089999999665,13157.089996561586,5.603893862293917e-05,2.438555548733858e-05,-0.00867028202638801,40.00000000000001,25.0
0,13157.094999999665,13157.095005809284,7.6972161960857e-05,6.487020952235385e-05,-0.003314885497776211,40.00000000000001,25.0
0,13157.099999999664,13157.100038678227,0.0001005012812645896,0.00016017245936096483,0.016344728167793164,40.00000000000001,25.0
0,13157.104999999663,13157.105004308818,0.000118974963140234,0.0003329089880160476,0.05859937065076117,40.00000000000001,25.0
0,13157.109999999662,13157.110005352808,0.0001246526258472121,9.10568017546668e-05,-0.009202342401867307,40.00000000000001,25.0
0,13157.114999999661,13157.114962681806,0.00011476310560087654,8.050576031491591e-05,-0.009383541842343315,40.00000000000001,25.0
0,13157.11999999966,13157.120000094723,9.350354532367684e-05,0.0002778637358595453,0.05049870465779139,40.00000000000001,25.0
0,13157.12499999966,13157.124968974873,6.904442173233442e-05,0.00040094116503097763,0.0909109258783292,40.00000000000001,25.0
0,13157.129999999659,13157.129975105534,4.8407561233506364e-05,0.00017441651226158048,0.03451552519938839,40.00000000000001,25.0
0,13157.134999999658,13157.135011355576,3.450693312177912e-05,-0.00012726143055676292,-0.04431050324168294,40.00000000000001,25.0
0,13157.139999999657,13157.139959609216,2.6663962421052025e-05,-5.413356039177213e-05,-0.022131514562587447,40.00000000000001,25.0
0,13157.144999999657,13157.145048422473,2.275912938032249e-05,-0.00028867761988444384,-0.08530666178523096,40.00000000000001,25.0
0,13157.149999999656,13157.150010038398,2.0892355669514337e-05,7.468293228294078e-05,0.01473395332190893,40.00000000000001,25.0
0,13157.154999999655,13157.155042436552,1.9916404417245505e-05,0.00016802758567705206,0.04056961959746082,40.00000000000001,25.0
0,13157.159999999654,13157.160084612045,1.9292331391686266e-05,0.00011548845418183105,0.026349395603705698,40.00000000000001,25.0
0,13157.164999999653,13157.165003697268,1.880765388435102e-05,0.0001054282543923457,0.023726532879031304,40.00000000000001,25.0
0,13157.169999999653,13157.170018776142,1.838011558257624e-05,0.00021429094500469872,0.053662578051664134,40.00000000000001,25.0
0,13157.174999999652,13157.174979989397,1.7994932490511515e-05,-0.00015326951551066122,-0.046911606854237044,40.00000000000001,25.0
0,13157.179999999651,13157.179961555486,1.7634405460929e-05,-0.00015279555459670328,-0.04668302952374693,40.00000000000001,25.0
0,13157.18499999965,13157.185044899827,1.729282400055242e-05,-2.0371608693730238e-05,-0.010316788332683974,40.00000000000001,25.0
0,13157.18999999965,13157.189909260085,1.6966787723593077e-05,-0.00011647294650196383,-0.036550915404698237,40.00000000000001,25.0
0,13157.194999999649,13157.194959072684,1.6654043758537867e-05,0.00013370076640949806,0.03206065182040097,40.00000000000001,25.0
0,13157.199999999648,13157.199976873297,1.6352995095478777e-05,-7.734187800574507e-05,-0.025664270095052916,40.00000000000001,25.0
0,13157.204999999647,13157.204950128527,1.606245364817129e-05,0.00036374656572362444,0.09523529585682874,40.00000000000001,25.0
0,13157.209999999646,13157.210029157017,1.5781501147669048e-05,0.00013571535987976868,0.03285147673680258,40.00000000000001,25.0
0,13157.214999999645,13157.214915715313,1.550940496083936e-05,3.96644381328687e-05,0.006616384386498799,40.00000000000001,25.0
0,13157.219999999645,13157.219958202522,1.5245564583831056e-05,7.667174298669907e-05,0.016825446059732366,40.00000000000001,25.0
0,13157.224999999644,13157.22502003848,1.4989467563748688e-05,0.00046886850498901306,0.12432349627476535,40.00000000000001,25.0
0,13157.229999999643,13157.229885605546,1.4740701236509312e-05,-0.00023947471590803413,-0.06963297896647547,40.00000000000001,25.0
0,13157.234999999642,13157.234958988192,1.4498881167442072e-05,6.822952774073177e-05,0.01471753768799036,40.00000000000001,25.0
0,13157.239999999641,13157.23998130093,1.4263676469252322e-05,-2.2268486434527143e-05,-0.010006644599498606,40.00000000000001,25.0
0,13157.24499999964,13157.245051645526,1.4034791508003909e-05,-7.333858456755854e-05,-0.02393272810452826,40.00000000000001,25.0
0,13157.24999999964,13157.250065763925,1.381195940478838e-05,-6.832060552067182e-05,-0.02249720032780478,40.00000000000001,25.0
0,13157.254999999639,13157.255047878125,1.3594937127027992e-05,-0.00038684023718933675,-0.10968451238641513,40.00000000000001,25.0
0,13157.259999999638,13157.259935445252,1.3383501722681562e-05,-2.4076068964274004e-05,-0.010260673908124403,40.00000000000001,25.0
0,13157.264999999637,13157.26491269831,1.3177447389502562e-05,-4.721394798743474e-05,-0.016542005246075773,40.00000000000001,25.0
0,13157.269999999637,13157.27005082219,1.2976583163567033e-05,0.00015026313208502302,0.0376046090390822,40.00000000000001,25.0
0,13157.274999999636,13157.27503296228,1.2748322108171088e-05,-0.0005400958220774277,-0.15143135336251667,40.00000000000001,25.0
0,13157.279999999635,13157.279923158705,1.2557735203909512e-05,8.21261551030033e-05,0.01905571414187737,40.00000000000001,25.0
0,13157.284999999634,13157.285116212666,1.2371829685145463e-05,5.495102556057051e-05,0.011663007240497535,40.00000000000001,25.0
0,13157.289999999633,13157.290014937165,1.2190458853818697e-05,1.7863036142534408e-05,0.0015537942563344095,40.00000000000001,25.0
0,13157.294999999633,13157.295035835745,1.201348445075529e-05,0.00028182826447229197,0.07390585163212687,40.00000000000001,25.0
0,13157.299999999632,13157.30000513819,1.1840775955629719e-05,0.00011357380760220434,0.027866028474637566,40.00000000000001,25.0
0,13157.304999999631,13157.305008913096,1.1672209995822055e-05,3.5572415185560246e-05,0.0065465836178032494,40.00000000000001,25.0
0,13157.30999999963,13157.310061755816,1.1507669844312666e-05,4.447254765915934e-05,0.009029517836868622,40.00000000000001,25.0
0,13157.31499999963,13157.314969549454,1.1347044991249934e-05,0.00021221710436802646,0.05502097699930149,40.00000000000001,25.0
0,13157.319999999629,13157.31985075702,1.1190230777266706e-05,-3.9203606571878335e-06,-0.004138991676213379,40.00000000000001,25.0
0,13157.324999999628,13157.325051046104,1.1037128079185796e-05,0.00010666928731246339,0.026194918495533837,40.00000000000001,25.0
0,13157.329999999627,13157.330018717324,1.0887643040854527e-05,-7.363290185380037e-05,-0.023151299755900256,40.00000000000001,25.0
0,13157.334999999626,13157.334860564208,1.0741686843388113e-05,-9.599659713206693e-05,-0.02923703356179427,40.00000000000001,25.0
0,13157.339999999625,13157.340039533634,1.059917551039157e-05,-7.625322389418852e-05,-0.02379002567530497,40.00000000000001,25.0
0,13157.344999999625,13157.344989992458,1.0460029744756135e-05,9.571434366389975e-05,0.023352288836823783,40.00000000000001,25.0
0,13157.349999999624,13157.349966662014,1.0324174794472097e-05,-0.0002862624990743731,-0.0812390289118604,40.00000000000001,25.0
0,13157.354999999623,13157.35504180797,1.0191516094379897e-05,-9.96950055443162e-06,-0.005522370216638874,40.00000000000001,25.0
0,13157.359999999622,13157.359963219315,1.0062038126134192e-05,-2.86740134230648e-05,-0.01061031896911284,40.00000000000001,25.0
0,13157.364999999621,13157.364961217401,9.935652856083683e-06,0.00039320082311428107,0.10498142024170518,40.00000000000001,25.0
0,13157.36999999962,13157.369937943155,9.812302920767936e-06,-0.0001620958064384351,-0.047087914248606345,40.00000000000001,25.0
0,13157.37499999962,13157.37500371977,9.691935218610884e-06,7.84495452085702e-05,0.018833622539476763,40.00000000000001,25.0
0,13157.379999999619,13157.379901990636,9.574500931024312e-06,0.00014146404556642804,0.03612629788803594,40.00000000000001,25.0
0,13157.384999999618,13157.384980995455,9.459955570843057e-06,0.00019138642810042966,0.04983207697389526,40.00000000000001,25.0
0,13157.389999999617,13157.390008736005,9.348259059890548e-06,-5.78674912053151e-05,-0.018411286683575535,40.00000000000001,25.0
0,13157.394999999617,13157.395096936054,9.239375838036426e-06,-0.0003577623600125619,-0.10052664956435049,40.00000000000001,25.0
0,13157.399999999616,13157.400020450395,3.641940879262618e-07,1.0243103663577381e-05,0.0027059645336218853,40.00000000000001,25.0
0,13157.404999999615,13157.404955650674,3.7381559128795985e-07,5.388782567338208e-05,0.01465819807592342,40.00000000000001,25.0
0,13157.409999999614,13157.410056136314,3.8412190365980563e-07,-4.908547971021214e-05,-0.013550380883076212,40.00000000000001,25.0
0,13157.414999999613,13157.414986604472,3.949640902573469e-07,-3.79600782440965e-05,-0.010505955485019897,40.00000000000001,25.0
0,13157.419999999613,13157.419945815282,4.0647465186370816e-07,-0.00024515638251025834,-0.06726292787347059,40.00000000000001,25.0
0,13157.424999999612,13157.424889982878,4.187005907902835e-07,8.280741352328957e-06,0.002153517379595111,40.00000000000001,25.0
0,13157.429999999611,13157.429920292305,4.3169390768502086e-07,-7.202729270833413e-07,-0.0003155390152041549,40.00000000000001,25.0
0,13157.43499999961,13157.435013216664,4.455122191989004e-07,-0.00017638977359265111,-0.04843753331634446,40.00000000000001,25.0
0,13157.43999999961,13157.440017967263,4.602194765571086e-07,-1.753452731944811e-05,-0.00492900013393298,40.00000000000001,25.0
0,13157.444999999609,13157.445010938041,4.718382163516833e-07,-0.00023810724213623217,-0.06534997865446776,40.00000000000001,25.0
0,13157.449999999608,13157.449931748904,4.885967599841413e-07,-0.00011770185230573943,-0.03237393367512553,40.00000000000001,25.0
0,13157.454999999607,13157.454966727102,5.064822565270999e-07,-0.00036917655904373815,-0.10126109473717491,40.00000000000001,25.0
0,13157.459999999606,13157.459946755827,5.25594001935444e-07,7.83366132571243e-05,0.021313471574683687,40.00000000000001,25.0
0,13157.464999999605,13157.464910326942,5.460435925824499e-07,0.00011829576379895462,0.03225321218727145,40.00000000000001,25.0
0,13157.469999999605,13157.469942431133,5.679568633353342e-07,5.210693580399614e-05,0.01411721081608558,40.00000000000001,25.0
0,13157.474999999604,13157.474950666563,5.914762156898609e-07,-0.00018800811080710148,-0.05165993165857791,40.00000000000001,25.0
0,13157.479999999603,13157.480006911534,6.167634323636984e-07,-0.00029175721942186926,-0.08008511689461259,40.00000000000001,25.0
0,13157.484999999602,13157.484990691031,6.440031036057902e-07,-9.658545906041484e-05,-0.02663244098189146,40.00000000000001,25.0
0,13157.489999999601,13157.490049112268,6.52167287075088e-07,-0.00013589943775736352,-0.03740329815044796,40.00000000000001,25.0
0,13157.4949999996,13157.494885302074,6.847540779428661e-07,3.205263458583182e-05,0.008592079064924762,40.00000000000001,25.0
0,13157.4999999996,13157.500022725324,7.195821261802749e-07,0.00014885506060005797,0.040576274927083864,40.00000000000001,25.0
